{"train_loss": 0.29889700199029806, "train_corr": 0.9542243581917349, "valid_loss": 0.8321312468367544, "valid_corr": 0.5538599448077756, "epoch": 57, "_timestamp": 1716426691.076667, "_runtime": 1843.72700715065, "_step": 57, "_wandb": {"runtime": 1845}}