{"train_loss": 0.28566467400313167, "train_corr": 0.956548399567828, "valid_loss": 0.9601031398708141, "valid_corr": 0.5239433080944188, "epoch": 199, "_timestamp": 1715358149.3861241, "_runtime": 4131.6616542339325, "_step": 199, "_wandb": {"runtime": 4131}}