{"train_loss": 30.162305005027772, "train_corr": -0.0005703284874934897, "valid_loss": 1.1055973128160987, "valid_corr": -0.0041868663848638145, "epoch": 6, "_timestamp": 1715700633.8466883, "_runtime": 315.4268071651459, "_step": 6, "_wandb": {"runtime": 359}}