{"train_loss": 0.27468672171845987, "train_corr": 0.9597416024603802, "valid_loss": 0.9303936275723059, "valid_corr": 0.5627466378596794, "epoch": 90, "_timestamp": 1715712761.3127618, "_runtime": 2993.520659685135, "_step": 90, "_wandb": {"runtime": 3012}}