{"train_loss": 0.2968480251149148, "train_corr": 0.9533248848053125, "valid_loss": 0.8677548729292901, "valid_corr": 0.5732598622109322, "epoch": 59, "_timestamp": 1716572651.7395594, "_runtime": 2024.494915485382, "_step": 59, "_wandb": {"runtime": 2024}}