{"train_loss": 0.3014096619726082, "train_corr": 0.9520048948920736, "valid_loss": 0.8658500128238817, "valid_corr": 0.5738360861315569, "epoch": 49, "_timestamp": 1716428437.555055, "_runtime": 1688.4732308387756, "_step": 49, "_wandb": {"runtime": 1688}}