{"train_loss": 0.8536732202452663, "train_corr": 0.5100254717245081, "valid_loss": 0.943259690204628, "valid_corr": 0.4188286291322143, "epoch": 1, "_timestamp": 1716570568.6004844, "_runtime": 77.73933935165405, "_step": 1, "_wandb": {"runtime": 99}}