{"train_loss": 0.2850541235358994, "train_corr": 0.9567678015051236, "valid_loss": 0.9361020359115221, "valid_corr": 0.535671366265502, "epoch": 199, "_timestamp": 1715364953.2506652, "_runtime": 4949.191627264023, "_step": 199, "_wandb": {"runtime": 4948}}