{"train_loss": 0.8081511475809005, "train_corr": 0.9268368484214339, "valid_loss": 0.9224629072763434, "valid_corr": 0.5439577767252558, "epoch": 799, "_timestamp": 1715666095.3459475, "_runtime": 16106.327132463455, "_step": 799, "_wandb": {"runtime": 16105}}