{"train_loss": 0.291622992840813, "train_corr": 0.9560992086141008, "valid_loss": 0.8524441760560205, "valid_corr": 0.5413049407512118, "epoch": 64, "_timestamp": 1716426678.4954126, "_runtime": 2054.9989426136017, "_step": 64, "_wandb": {"runtime": 2073}}