{"train_loss": 2.4171468594984855, "train_corr": 0.9040243260497314, "valid_loss": 0.9871142523675791, "valid_corr": 0.4695643951522234, "epoch": 90, "_timestamp": 1715709167.9701803, "_runtime": 4833.426104307175, "_step": 90, "_wandb": {"runtime": 4878}}