{"train_loss": 0.2868257109523982, "train_corr": 0.9564107780089346, "valid_loss": 0.949484565262804, "valid_corr": 0.5415665214548351, "epoch": 199, "_timestamp": 1715293430.568399, "_runtime": 4130.375267982483, "_step": 199, "_wandb": {"runtime": 4129}}