{"train_loss": 4.714600252981792, "train_corr": 0.8031528520512876, "valid_loss": 1.0416852614654237, "valid_corr": 0.38345246229056396, "epoch": 81, "_timestamp": 1715704305.316915, "_runtime": 3605.1306710243225, "_step": 81, "_wandb": {"runtime": 3608}}