{"train_loss": 15.830048909232726, "train_corr": 0.005513023606707268, "valid_loss": 1.194199546273075, "valid_corr": -0.011225692659857048, "epoch": 21, "_timestamp": 1715617655.9643464, "_runtime": 510.64591932296753, "_step": 21, "_wandb": {"runtime": 522}}