{"train_loss": 0.266631248514576, "train_corr": 0.9621627947451563, "valid_loss": 0.9239742155163984, "valid_corr": 0.5801062369569311, "epoch": 99, "_timestamp": 1715972257.060933, "_runtime": 3089.0874121189117, "_step": 99, "_wandb": {"runtime": 3088}}