{"train_loss": 0.2929222839478043, "train_corr": 0.916821419406029, "valid_loss": 0.9665921693574215, "valid_corr": 0.4933938370510362, "epoch": 125, "_timestamp": 1715208363.8306158, "_runtime": 7123.0413637161255, "_step": 125, "_wandb": {"runtime": 7140}}