{"train_loss": 0.29918580274851164, "train_corr": 0.9522600241044228, "valid_loss": 0.8610888801979456, "valid_corr": 0.5866880592514279, "epoch": 59, "_timestamp": 1716574725.724896, "_runtime": 2015.1650128364563, "_step": 59, "_wandb": {"runtime": 2014}}