{"train_loss": 0.2708589869312524, "train_corr": 0.9611613982132797, "valid_loss": 0.9464400000944883, "valid_corr": 0.5540645944682223, "epoch": 99, "_timestamp": 1715963975.226615, "_runtime": 3097.6243410110474, "_step": 99, "_wandb": {"runtime": 3097}}