{"train_loss": 3.143972724359176, "train_corr": 0.8869631361678018, "valid_loss": 0.948000721568091, "valid_corr": 0.5235443921350138, "epoch": 33, "_timestamp": 1715715070.530296, "_runtime": 1639.6449851989746, "_step": 33, "_wandb": {"runtime": 1647}}