{"train_loss": 0.22631367452951623, "train_corr": 0.9728231326295714, "valid_loss": 0.9351085369360653, "valid_corr": 0.5531124057061733, "epoch": 499, "_timestamp": 1715730445.599034, "_runtime": 15263.350162029266, "_step": 499, "_wandb": {"runtime": 15262}}