{"train_loss": 0.369375276870918, "train_corr": 0.8627716876512843, "valid_loss": 1.0011589616786138, "valid_corr": 0.46458550892767375, "epoch": 74, "_timestamp": 1715201198.648966, "_runtime": 1820.9626441001892, "_step": 74, "_wandb": {"runtime": 1833}}