{"train_loss": 0.29927870705863024, "train_corr": 0.9530794116712927, "valid_loss": 0.8562020422447744, "valid_corr": 0.5685112454742394, "epoch": 59, "_timestamp": 1716572708.7383087, "_runtime": 2015.7697167396545, "_step": 59, "_wandb": {"runtime": 2015}}