{"train_loss": 0.2937141040423969, "train_corr": 0.9156902773672959, "valid_loss": 0.9920153363596336, "valid_corr": 0.48764815798206884, "epoch": 126, "_timestamp": 1715208384.7193642, "_runtime": 7144.066106081009, "_step": 126, "_wandb": {"runtime": 7145}}