{"train_loss": 0.2674241516122566, "train_corr": 0.9619339465199677, "valid_loss": 0.9343164578036307, "valid_corr": 0.5752174779251319, "epoch": 99, "_timestamp": 1716414479.046161, "_runtime": 3086.83872795105, "_step": 99, "_wandb": {"runtime": 3086}}