{"train_loss": 0.5841519887958518, "train_corr": 0.8066800330129101, "valid_loss": 0.8949434255916167, "valid_corr": 0.5417226717446226, "epoch": 4, "_timestamp": 1716570565.5070243, "_runtime": 181.4217402935028, "_step": 4, "_wandb": {"runtime": 208}}