{"train_loss": 0.29931846191593314, "train_corr": 0.9525861853389798, "valid_loss": 0.86554167099815, "valid_corr": 0.56800397680855, "epoch": 59, "_timestamp": 1716572741.6949985, "_runtime": 2014.9997115135193, "_step": 59, "_wandb": {"runtime": 2014}}