{"train_loss": 4.8129660907494385, "train_corr": 0.0027063394057975313, "valid_loss": 1.0932883476617918, "valid_corr": 0.041967524197409845, "epoch": 169, "_timestamp": 1715621567.6872287, "_runtime": 3881.061422586441, "_step": 169, "_wandb": {"runtime": 3901}}