{"train_loss": 0.10826344296374481, "train_corr": 0.991684757191536, "valid_loss": 0.7320241200683699, "valid_corr": 0.3921395539702402, "epoch": 999, "_timestamp": 1715229437.4679356, "_runtime": 7286.529639482498, "_step": 999, "_wandb": {"runtime": 7286}}