{"train_loss": 0.3746735490740651, "train_corr": 0.924539837703872, "valid_loss": 0.261324240041044, "valid_corr": 0.972247201760903, "epoch": 82, "_timestamp": 1715353930.5749588, "_runtime": 1850.192237854004, "_step": 82, "_wandb": {"runtime": 1861}}