{"train_loss": 0.2995307480103546, "train_corr": 0.9520240873703206, "valid_loss": 0.9558029068791305, "valid_corr": 0.5165838597041302, "epoch": 199, "_timestamp": 1715264540.6097336, "_runtime": 2323.6225185394287, "_step": 199, "_wandb": {"runtime": 2323}}