{"train_loss": 0.2628307478768485, "train_corr": 0.933375464693388, "valid_loss": 0.9882891647971144, "valid_corr": 0.45428230896680905, "epoch": 199, "_timestamp": 1715216206.538052, "_runtime": 7629.040038108826, "_step": 199, "_wandb": {"runtime": 7628}}