{"train_loss": 0.302721379979132, "train_corr": 0.9517169817435911, "valid_loss": 0.8678257877492873, "valid_corr": 0.5640864135112328, "epoch": 49, "_timestamp": 1716428435.7537491, "_runtime": 1691.3488302230835, "_step": 49, "_wandb": {"runtime": 1690}}