{"train_loss": 0.2700717405211769, "train_corr": 0.960940300353304, "valid_loss": 0.9706073516531836, "valid_corr": 0.5548868235295237, "epoch": 99, "_timestamp": 1715968221.0082211, "_runtime": 3104.5960812568665, "_step": 99, "_wandb": {"runtime": 3104}}