{"train_loss": 0.7202654447546059, "train_corr": 0.6852411281160916, "valid_loss": 0.9262075395941467, "valid_corr": 0.4884242640229176, "epoch": 2, "_timestamp": 1716570548.2150316, "_runtime": 112.30447459220886, "_step": 2, "_wandb": {"runtime": 145}}