{"train_loss": 0.34111999552300637, "train_corr": 0.8855626575880102, "valid_loss": 0.9644108918184179, "valid_corr": 0.49977388774294873, "epoch": 90, "_timestamp": 1715201186.5638943, "_runtime": 2013.07235121727, "_step": 90, "_wandb": {"runtime": 2035}}