{"train_loss": 0.23223204559422234, "train_corr": 0.947832816369029, "valid_loss": 1.0110412655339696, "valid_corr": 0.4380231267596704, "epoch": 999, "_timestamp": 1715240659.681352, "_runtime": 31660.29084300995, "_step": 999, "_wandb": {"runtime": 31659}}