{"train_loss": 0.3520598003263251, "train_corr": 0.9331997278496171, "valid_loss": 0.9583903505564711, "valid_corr": 0.532054004850622, "epoch": 24, "_timestamp": 1715709733.636548, "_runtime": 496.83008003234863, "_step": 24, "_wandb": {"runtime": 497}}