{"train_loss": 0.29260062161990447, "train_corr": 0.9545414746435115, "valid_loss": 0.8889670506512313, "valid_corr": 0.5495330723831073, "epoch": 58, "_timestamp": 1716426690.7404761, "_runtime": 1921.566026210785, "_step": 58, "_wandb": {"runtime": 1924}}