{"train_loss": 3.220481982571612, "train_corr": 0.886842972459197, "valid_loss": 0.9945917043321617, "valid_corr": 0.46476648405519444, "epoch": 35, "_timestamp": 1715700087.4949005, "_runtime": 1188.0968344211578, "_step": 35, "_wandb": {"runtime": 1203}}