{"train_loss": 1.6110022091557628, "train_corr": 0.8225584225940699, "valid_loss": 0.9454405799552575, "valid_corr": 0.5036528640385592, "epoch": 199, "_timestamp": 1715626263.1760924, "_runtime": 4655.006684303284, "_step": 199, "_wandb": {"runtime": 4654}}