{"train_loss": 0.2999244727531128, "train_corr": 0.9520307462890282, "valid_loss": 0.8754487677051547, "valid_corr": 0.5641088937325431, "epoch": 49, "_timestamp": 1716428425.8058152, "_runtime": 1683.272242307663, "_step": 49, "_wandb": {"runtime": 1682}}