{"train_loss": 0.9031934735256314, "train_corr": 0.9042899765128702, "valid_loss": 0.9213210503734759, "valid_corr": 0.5456963028516211, "epoch": 499, "_timestamp": 1715635785.0769327, "_runtime": 9362.14524769783, "_step": 499, "_wandb": {"runtime": 9361}}