{"train_loss": 0.2674438548577055, "train_corr": 0.9618546968926359, "valid_loss": 0.9375697935889094, "valid_corr": 0.559458921635016, "epoch": 99, "_timestamp": 1716414788.8487942, "_runtime": 3120.2573912143707, "_step": 99, "_wandb": {"runtime": 3119}}