{"train_loss": 0.27046980914589613, "train_corr": 0.960844039309483, "valid_loss": 0.9666449684130994, "valid_corr": 0.5598166241784015, "epoch": 99, "_timestamp": 1716414497.8028462, "_runtime": 3146.875637292862, "_step": 99, "_wandb": {"runtime": 3146}}