{"train_loss": 3.1250354156248643, "train_corr": 0.8922250368219136, "valid_loss": 0.9802628705394801, "valid_corr": 0.48693535807806987, "epoch": 40, "_timestamp": 1715700105.1974025, "_runtime": 1353.0276954174042, "_step": 40, "_wandb": {"runtime": 1354}}