{"train_loss": 26.43641417031807, "train_corr": -0.0009970616991564919, "valid_loss": 1.0884557395194894, "valid_corr": -0.0032177396734157206, "epoch": 7, "_timestamp": 1715700675.929594, "_runtime": 353.832622051239, "_step": 7, "_wandb": {"runtime": 361}}