{"train_loss": 4.6165264196592295, "train_corr": 0.8073247330961495, "valid_loss": 1.040540068987354, "valid_corr": 0.3818755326026541, "epoch": 81, "_timestamp": 1715704275.5318892, "_runtime": 3577.060030221939, "_step": 81, "_wandb": {"runtime": 3612}}