{"train_loss": 0.2876114535133708, "train_corr": 0.9561882148054892, "valid_loss": 0.8887222267284473, "valid_corr": 0.5595203137437385, "epoch": 63, "_timestamp": 1716426663.3315325, "_runtime": 2086.850429534912, "_step": 63, "_wandb": {"runtime": 2119}}