{"train_loss": 0.30047774532740845, "train_corr": 0.9523557455729845, "valid_loss": 0.8662256936925448, "valid_corr": 0.568721984630184, "epoch": 59, "_timestamp": 1716572834.0081007, "_runtime": 2001.9693167209625, "_step": 59, "_wandb": {"runtime": 2001}}