{"train_loss": 0.27029652344007443, "train_corr": 0.9610879699540293, "valid_loss": 0.9318546260174234, "valid_corr": 0.5423100674051016, "epoch": 99, "_timestamp": 1715962700.2359815, "_runtime": 3103.6776673793793, "_step": 99, "_wandb": {"runtime": 3103}}