{"train_loss": 0.271331278361429, "train_corr": 0.9607751614106849, "valid_loss": 0.9337651594835727, "valid_corr": 0.5455948733936733, "epoch": 99, "_timestamp": 1716414606.9375894, "_runtime": 3073.2049643993378, "_step": 99, "_wandb": {"runtime": 3072}}