{"train_loss": 0.27051410588219604, "train_corr": 0.9612430225216021, "valid_loss": 0.9435859997907956, "valid_corr": 0.5540445444660964, "epoch": 99, "_timestamp": 1716417914.0304902, "_runtime": 3101.3917491436005, "_step": 99, "_wandb": {"runtime": 3101}}