{"train_loss": 0.2741109245604115, "train_corr": 0.9307064205745309, "valid_loss": 0.5588046083592649, "valid_corr": 0.4233131326312637, "epoch": 199, "_timestamp": 1715223600.5139284, "_runtime": 6492.947735309601, "_step": 199, "_wandb": {"runtime": 6492}}